DReyeVR,Unreal/CarlaUE4/Source/CarlaUE4/
CarlaUE4,Unreal/CarlaUE4/Source/
Config/CarlaUE4.Build.cs,Unreal/CarlaUE4/Source/CarlaUE4
Config/Default*.ini,Unreal/CarlaUE4/Config/
Config/DReyeVRConfig.ini,Unreal/CarlaUE4/Config/
Config/EgoVehicles/*,Unreal/CarlaUE4/Config/EgoVehicles/
Config/Default.Package.json,Unreal/CarlaUE4/Content/Carla/Config/
Config/CarlaUE4.uproject,Unreal/CarlaUE4/
Content,Unreal/CarlaUE4/
LibCarla,/
PythonAPI,/
Carla,Unreal/CarlaUE4/Plugins/Carla/Source/
Util,/
Scripts/Other/.gitignore,/
Shaders/*.uasset,Unreal/CarlaUE4/Plugins/Carla/Content/PostProcessingMaterials/
